city,state_or_territory,station_name,station_number,latitude,longitude,elevation_m,month,month_num,season,mean_max_temp_c,mean_min_temp_c,days_ge_30,days_ge_35,days_ge_40,mean_rain_mm,rain_days,rain_days_ge_1mm,rain_days_ge_10mm,rain_days_ge_25mm,sunshine_hours,solar_exposure_mj_m2,clear_days,cloudy_days,rh_9am,rh_3pm,cloud_9am,cloud_3pm,source_page,source_csv,downloaded_at_utc,day_temp_score,night_temp_score,heat_score,rain_score,humidity_score,sunshine_score,monthly_comfort_score,rh_avg,comfort_band_day_c,comfort_band_night_c,day_temp_in_comfort_band,night_temp_in_comfort_band,day_and_night_in_comfort_band
Sydney,NSW,SYDNEY (OBSERVATORY HILL),066062,-33.86,151.21,39,Jan,1,Summer,26,18.8,3.3,0.9,0.2,101.2,12.1,8.6,2.7,1.1,7.1,22.5,6.8,13.4,71,62,4.9,4.6,https://www.bom.gov.au/climate/averages/tables/cw_066062_All.shtml,http://www.bom.gov.au/clim_data/cdio/tables/text/IDCJCM0037_066062.csv,2026-05-17T05:12:49+00:00,100,100,92.26,76.74,90.1,81.58,91.79,66.5,18-26,10-19,1,1,1
Sydney,NSW,SYDNEY (OBSERVATORY HILL),066062,-33.86,151.21,39,Feb,2,Summer,25.8,18.9,2.3,0.5,0,119.3,12.5,9,3,1.2,6.7,19.9,5.3,13,74,64,5.2,4.8,https://www.bom.gov.au/climate/averages/tables/cw_066062_All.shtml,http://www.bom.gov.au/clim_data/cdio/tables/text/IDCJCM0037_066062.csv,2026-05-17T05:12:49+00:00,100,100,95.76,74.81,84.6,67.89,90.33,69,18-26,10-19,1,1,1
Sydney,NSW,SYDNEY (OBSERVATORY HILL),066062,-33.86,151.21,39,Mar,3,Autumn,24.8,17.6,1.6,0.2,0,131.6,13.7,9.9,3.5,1.4,6.4,16.7,7.1,12.8,74,62,4.7,4.5,https://www.bom.gov.au/climate/averages/tables/cw_066062_All.shtml,http://www.bom.gov.au/clim_data/cdio/tables/text/IDCJCM0037_066062.csv,2026-05-17T05:12:49+00:00,100,100,97.42,71.55,86.8,51.05,88.71,68,18-26,10-19,1,1,1
Sydney,NSW,SYDNEY (OBSERVATORY HILL),066062,-33.86,151.21,39,Apr,4,Autumn,22.5,14.8,0.4,0,0,126.5,12.8,8.9,3.3,1.4,6.4,13.5,9.1,10.7,72,59,4.1,4.2,https://www.bom.gov.au/climate/averages/tables/cw_066062_All.shtml,http://www.bom.gov.au/clim_data/cdio/tables/text/IDCJCM0037_066062.csv,2026-05-17T05:12:49+00:00,100,100,99.48,73.41,92.3,34.21,88.39,65.5,18-26,10-19,1,1,1
Sydney,NSW,SYDNEY (OBSERVATORY HILL),066062,-33.86,151.21,39,May,5,Autumn,19.5,11.6,0,0,0,117.4,12.9,8.6,3.2,1.3,5.9,10.3,9.5,10.8,74,57,4,4.3,https://www.bom.gov.au/climate/averages/tables/cw_066062_All.shtml,http://www.bom.gov.au/clim_data/cdio/tables/text/IDCJCM0037_066062.csv,2026-05-17T05:12:49+00:00,100,100,100,74.56,92.3,17.37,87.16,65.5,18-26,10-19,1,1,1
Sydney,NSW,SYDNEY (OBSERVATORY HILL),066062,-33.86,151.21,39,Jun,6,Winter,17,9.3,0,0,0,133.1,12.6,8.8,3.6,1.6,5.5,8.7,9.1,10.9,74,57,4,4.4,https://www.bom.gov.au/climate/averages/tables/cw_066062_All.shtml,http://www.bom.gov.au/clim_data/cdio/tables/text/IDCJCM0037_066062.csv,2026-05-17T05:12:49+00:00,92,94.4,100,72.02,92.3,8.95,82.79,65.5,18-26,10-19,0,0,0
Sydney,NSW,SYDNEY (OBSERVATORY HILL),066062,-33.86,151.21,39,Jul,7,Winter,16.4,8.1,0,0,0,96.3,11.1,7.4,2.7,1,6.4,9.8,12,8.7,71,51,3.5,3.8,https://www.bom.gov.au/climate/averages/tables/cw_066062_All.shtml,http://www.bom.gov.au/clim_data/cdio/tables/text/IDCJCM0037_066062.csv,2026-05-17T05:12:49+00:00,87.2,84.8,100,78.74,100,14.74,82.07,61,18-26,10-19,0,0,0
Sydney,NSW,SYDNEY (OBSERVATORY HILL),066062,-33.86,151.21,39,Aug,8,Winter,17.9,9,0,0,0,80.2,10.3,7.1,2.1,0.8,7.1,13,13.4,7.7,66,49,3.3,3.7,https://www.bom.gov.au/climate/averages/tables/cw_066062_All.shtml,http://www.bom.gov.au/clim_data/cdio/tables/text/IDCJCM0037_066062.csv,2026-05-17T05:12:49+00:00,99.2,92,100,81.54,100,31.58,88.59,57.5,18-26,10-19,0,0,0
Sydney,NSW,SYDNEY (OBSERVATORY HILL),066062,-33.86,151.21,39,Sep,9,Spring,20.1,11.1,0.4,0,0,68.1,10.5,7.1,1.9,0.6,7.2,16.9,10.9,8.5,62,51,3.8,3.9,https://www.bom.gov.au/climate/averages/tables/cw_066062_All.shtml,http://www.bom.gov.au/clim_data/cdio/tables/text/IDCJCM0037_066062.csv,2026-05-17T05:12:49+00:00,100,100,99.48,82.94,100,52.11,92.45,56.5,18-26,10-19,1,1,1
Sydney,NSW,SYDNEY (OBSERVATORY HILL),066062,-33.86,151.21,39,Oct,10,Spring,22.2,13.6,1.6,0.2,0,76.7,11.6,7.9,2,0.7,7.2,19.8,8.1,11.4,61,56,4.4,4.4,https://www.bom.gov.au/climate/averages/tables/cw_066062_All.shtml,http://www.bom.gov.au/clim_data/cdio/tables/text/IDCJCM0037_066062.csv,2026-05-17T05:12:49+00:00,100,100,97.42,81.15,100,67.37,93.14,58.5,18-26,10-19,1,1,1
Sydney,NSW,SYDNEY (OBSERVATORY HILL),066062,-33.86,151.21,39,Nov,11,Spring,23.7,15.7,2.3,0.6,0,83.8,11.6,8.3,2.4,0.7,7.8,21.6,6,12.5,66,58,4.8,4.7,https://www.bom.gov.au/climate/averages/tables/cw_066062_All.shtml,http://www.bom.gov.au/clim_data/cdio/tables/text/IDCJCM0037_066062.csv,2026-05-17T05:12:49+00:00,100,100,95.51,79.56,100,76.84,93.36,62,18-26,10-19,1,1,1
Sydney,NSW,SYDNEY (OBSERVATORY HILL),066062,-33.86,151.21,39,Dec,12,Summer,25.3,17.6,3.3,0.8,0.1,77.1,11.5,7.9,2.2,0.7,7.6,23.1,6.6,12.8,67,59,4.9,4.6,https://www.bom.gov.au/climate/averages/tables/cw_066062_All.shtml,http://www.bom.gov.au/clim_data/cdio/tables/text/IDCJCM0037_066062.csv,2026-05-17T05:12:49+00:00,100,100,93.11,80.68,97.8,84.74,93.65,63,18-26,10-19,1,1,1
Melbourne,VIC,MELBOURNE REGIONAL OFFICE,086071,-37.81,144.97,31,Jan,1,Summer,25.9,14.3,7.8,3.6,0.7,46.8,8.3,5.6,1.4,0.5,9,24.3,6.1,11.2,63,47,4.9,4,https://www.bom.gov.au/climate/averages/tables/cw_086071_All.shtml,http://www.bom.gov.au/clim_data/cdio/tables/text/IDCJCM0035_086071.csv,2026-05-17T05:12:49+00:00,100,100,76.66,86.81,100,91.05,92.55,55,18-26,10-19,1,1,1
Melbourne,VIC,MELBOURNE REGIONAL OFFICE,086071,-37.81,144.97,31,Feb,2,Summer,25.9,14.6,7,2.7,0.3,48,7.5,5.1,1.4,0.4,8.1,21.1,6.2,9.7,66,48,4.8,4,https://www.bom.gov.au/climate/averages/tables/cw_086071_All.shtml,http://www.bom.gov.au/clim_data/cdio/tables/text/IDCJCM0035_086071.csv,2026-05-17T05:12:49+00:00,100,100,82.35,87.79,100,74.21,92.23,57,18-26,10-19,1,1,1
Melbourne,VIC,MELBOURNE REGIONAL OFFICE,086071,-37.81,144.97,31,Mar,3,Autumn,23.9,13.3,5,1,0.1,50.1,9.4,6.1,1.5,0.4,6.8,16.3,6,13.3,68,49,4.9,4.6,https://www.bom.gov.au/climate/averages/tables/cw_086071_All.shtml,http://www.bom.gov.au/clim_data/cdio/tables/text/IDCJCM0035_086071.csv,2026-05-17T05:12:49+00:00,100,100,90.4,86.22,100,48.95,91.11,58.5,18-26,10-19,1,1,1
Melbourne,VIC,MELBOURNE REGIONAL OFFICE,086071,-37.81,144.97,31,Apr,4,Autumn,20.3,10.8,0.5,0,0,57.3,11.8,7.9,1.6,0.4,5.6,11.2,4.6,14.8,71,52,5.1,5.1,https://www.bom.gov.au/climate/averages/tables/cw_086071_All.shtml,http://www.bom.gov.au/clim_data/cdio/tables/text/IDCJCM0035_086071.csv,2026-05-17T05:12:49+00:00,100,100,99.35,83.5,100,22.11,89.8,61.5,18-26,10-19,1,1,1
Melbourne,VIC,MELBOURNE REGIONAL OFFICE,086071,-37.81,144.97,31,May,5,Autumn,16.7,8.7,0,0,0,55.7,14.6,9.7,1.4,0.2,3.9,7.8,3,18.1,77,59,5.5,5.7,https://www.bom.gov.au/climate/averages/tables/cw_086071_All.shtml,http://www.bom.gov.au/clim_data/cdio/tables/text/IDCJCM0035_086071.csv,2026-05-17T05:12:49+00:00,89.6,89.6,100,82.36,86.8,4.21,82.16,68,18-26,10-19,0,0,0
Melbourne,VIC,MELBOURNE REGIONAL OFFICE,086071,-37.81,144.97,31,Jun,6,Winter,14.1,6.9,0,0,0,49.5,15.4,9.4,1.1,0.1,3.6,6.4,2.5,16.9,80,63,5.5,5.7,https://www.bom.gov.au/climate/averages/tables/cw_086071_All.shtml,http://www.bom.gov.au/clim_data/cdio/tables/text/IDCJCM0035_086071.csv,2026-05-17T05:12:49+00:00,68.8,75.2,100,83.91,79.1,0,73.21,71.5,18-26,10-19,0,0,0
Melbourne,VIC,MELBOURNE REGIONAL OFFICE,086071,-37.81,144.97,31,Jul,7,Winter,13.5,6,0,0,0,47.5,16.1,9.7,1,0.1,3.7,7.1,2.6,17.3,79,61,5.4,5.6,https://www.bom.gov.au/climate/averages/tables/cw_086071_All.shtml,http://www.bom.gov.au/clim_data/cdio/tables/text/IDCJCM0035_086071.csv,2026-05-17T05:12:49+00:00,64,68,100,83.79,82.4,0.53,70.86,70,18-26,10-19,0,0,0
Melbourne,VIC,MELBOURNE REGIONAL OFFICE,086071,-37.81,144.97,31,Aug,8,Winter,15,6.7,0,0,0,50,16.1,10.4,0.9,0.1,4.7,9.9,2.9,16.7,73,56,5.3,5.6,https://www.bom.gov.au/climate/averages/tables/cw_086071_All.shtml,http://www.bom.gov.au/clim_data/cdio/tables/text/IDCJCM0035_086071.csv,2026-05-17T05:12:49+00:00,76,73.6,100,83.06,94.5,15.26,77.32,64.5,18-26,10-19,0,0,0
Melbourne,VIC,MELBOURNE REGIONAL OFFICE,086071,-37.81,144.97,31,Sep,9,Spring,17.3,8,0,0,0,58,14.9,10.4,1.5,0.2,5.7,13.5,3.1,15.9,67,53,5.4,5.4,https://www.bom.gov.au/climate/averages/tables/cw_086071_All.shtml,http://www.bom.gov.au/clim_data/cdio/tables/text/IDCJCM0035_086071.csv,2026-05-17T05:12:49+00:00,94.4,84,100,81.17,100,34.21,85.92,60,18-26,10-19,0,0,0
Melbourne,VIC,MELBOURNE REGIONAL OFFICE,086071,-37.81,144.97,31,Oct,10,Spring,19.7,9.6,0.8,0.1,0,66,14.2,10.2,1.8,0.3,6.3,17.9,3.7,16.2,62,50,5.4,5.3,https://www.bom.gov.au/climate/averages/tables/cw_086071_All.shtml,http://www.bom.gov.au/clim_data/cdio/tables/text/IDCJCM0035_086071.csv,2026-05-17T05:12:49+00:00,100,96.8,98.71,80.23,100,57.37,91.64,56,18-26,10-19,1,0,0
Melbourne,VIC,MELBOURNE REGIONAL OFFICE,086071,-37.81,144.97,31,Nov,11,Spring,22,11.3,3.1,0.6,0,60.3,11.8,8.3,1.8,0.3,7,21.3,3.6,15.1,63,49,5.5,5.1,https://www.bom.gov.au/climate/averages/tables/cw_086071_All.shtml,http://www.bom.gov.au/clim_data/cdio/tables/text/IDCJCM0035_086071.csv,2026-05-17T05:12:49+00:00,100,100,94.47,82.81,100,75.26,93.62,56,18-26,10-19,1,1,1
Melbourne,VIC,MELBOURNE REGIONAL OFFICE,086071,-37.81,144.97,31,Dec,12,Summer,24.2,13,5.8,2,0.2,59.1,10.5,7.2,1.7,0.5,7.5,24,4.3,14.2,62,47,5.4,4.7,https://www.bom.gov.au/climate/averages/tables/cw_086071_All.shtml,http://www.bom.gov.au/clim_data/cdio/tables/text/IDCJCM0035_086071.csv,2026-05-17T05:12:49+00:00,100,100,86.26,83.8,100,89.47,93.6,54.5,18-26,10-19,1,1,1
Brisbane,QLD,BRISBANE REGIONAL OFFICE,040214,-27.47,153.03,38,Jan,1,Summer,29.4,20.7,11.9,1,0,159.6,12.9,8.4,3.6,1.5,7.4,23.5,4,14.3,66,59,5.4,4.9,https://www.bom.gov.au/climate/averages/tables/cw_040214_All.shtml,http://www.bom.gov.au/clim_data/cdio/tables/text/IDCJCM0036_040214.csv,2026-05-17T05:12:49+00:00,72.8,86.4,82.03,72.36,98.9,86.84,80.83,62.5,18-26,10-19,0,0,0
Brisbane,QLD,BRISBANE REGIONAL OFFICE,040214,-27.47,153.03,38,Feb,2,Summer,29,20.6,9.4,0.5,0,158.3,13.2,8.8,3.5,1.5,6.6,21.1,3.5,13.4,69,60,5.3,5.2,https://www.bom.gov.au/climate/averages/tables/cw_040214_All.shtml,http://www.bom.gov.au/clim_data/cdio/tables/text/IDCJCM0036_040214.csv,2026-05-17T05:12:49+00:00,76,87.2,86.53,72.09,94.5,74.21,81.01,64.5,18-26,10-19,0,0,0
Brisbane,QLD,BRISBANE REGIONAL OFFICE,040214,-27.47,153.03,38,Mar,3,Autumn,28,19.4,5.8,0.2,0,140.7,14.3,9.4,3.2,1.3,6.5,18.6,6.7,12.8,71,59,4.4,4.9,https://www.bom.gov.au/climate/averages/tables/cw_040214_All.shtml,http://www.bom.gov.au/clim_data/cdio/tables/text/IDCJCM0036_040214.csv,2026-05-17T05:12:49+00:00,84,96.8,91.96,73.06,93.4,61.05,84.84,65,18-26,10-19,0,0,0
Brisbane,QLD,BRISBANE REGIONAL OFFICE,040214,-27.47,153.03,38,Apr,4,Autumn,26.1,16.6,1.8,0.1,0,92.5,11.1,6.8,2,0.8,7.2,16.3,8.7,8.7,70,55,3.5,4.4,https://www.bom.gov.au/climate/averages/tables/cw_040214_All.shtml,http://www.bom.gov.au/clim_data/cdio/tables/text/IDCJCM0036_040214.csv,2026-05-17T05:12:49+00:00,99.2,100,97.41,81.91,98.9,48.95,91.3,62.5,18-26,10-19,0,1,0
Brisbane,QLD,BRISBANE REGIONAL OFFICE,040214,-27.47,153.03,38,May,5,Autumn,23.2,13.3,0.1,0,0,73.7,9.6,5.8,1.6,0.6,6.9,13.3,10.7,10,70,52,3.6,4.2,https://www.bom.gov.au/climate/averages/tables/cw_040214_All.shtml,http://www.bom.gov.au/clim_data/cdio/tables/text/IDCJCM0036_040214.csv,2026-05-17T05:12:49+00:00,100,100,99.87,85.21,100,33.16,91.21,61,18-26,10-19,1,1,1
Brisbane,QLD,BRISBANE REGIONAL OFFICE,040214,-27.47,153.03,38,Jun,6,Winter,20.9,10.9,0,0,0,67.8,7.9,4.5,1.3,0.6,6.8,11.9,12.1,8.1,70,51,3.2,3.8,https://www.bom.gov.au/climate/averages/tables/cw_040214_All.shtml,http://www.bom.gov.au/clim_data/cdio/tables/text/IDCJCM0036_040214.csv,2026-05-17T05:12:49+00:00,100,100,100,87.7,100,25.79,91.02,60.5,18-26,10-19,1,1,1
Brisbane,QLD,BRISBANE REGIONAL OFFICE,040214,-27.47,153.03,38,Jul,7,Winter,20.4,9.5,0,0,0,56.5,7.2,4.2,1.3,0.5,7.4,13.1,15.2,7.4,67,46,2.9,3.3,https://www.bom.gov.au/climate/averages/tables/cw_040214_All.shtml,http://www.bom.gov.au/clim_data/cdio/tables/text/IDCJCM0036_040214.csv,2026-05-17T05:12:49+00:00,100,96,100,88.67,100,32.11,90.95,56.5,18-26,10-19,1,0,0
Brisbane,QLD,BRISBANE REGIONAL OFFICE,040214,-27.47,153.03,38,Aug,8,Winter,21.8,10.3,0.1,0,0,45.9,6.7,4,1,0.4,7.9,16,15.4,5.9,63,44,2.6,3.1,https://www.bom.gov.au/climate/averages/tables/cw_040214_All.shtml,http://www.bom.gov.au/clim_data/cdio/tables/text/IDCJCM0036_040214.csv,2026-05-17T05:12:49+00:00,100,100,99.87,90.18,100,47.37,93.41,53.5,18-26,10-19,1,1,1
Brisbane,QLD,BRISBANE REGIONAL OFFICE,040214,-27.47,153.03,38,Sep,9,Spring,24.1,12.9,0.7,0,0,45.7,7.3,4.4,1.1,0.3,8.2,19.4,14.1,5.9,61,46,2.8,3.3,https://www.bom.gov.au/climate/averages/tables/cw_040214_All.shtml,http://www.bom.gov.au/clim_data/cdio/tables/text/IDCJCM0036_040214.csv,2026-05-17T05:12:49+00:00,100,100,99.09,89.79,100,65.26,94.82,53.5,18-26,10-19,1,1,1
Brisbane,QLD,BRISBANE REGIONAL OFFICE,040214,-27.47,153.03,38,Oct,10,Spring,26.1,15.8,3.1,0.2,0,75.4,9.2,5.9,2,0.6,8,21.6,9.2,9.9,60,52,4.1,4,https://www.bom.gov.au/climate/averages/tables/cw_040214_All.shtml,http://www.bom.gov.au/clim_data/cdio/tables/text/IDCJCM0036_040214.csv,2026-05-17T05:12:49+00:00,99.2,100,95.47,84.12,100,76.84,93.98,56,18-26,10-19,0,1,0
Brisbane,QLD,BRISBANE REGIONAL OFFICE,040214,-27.47,153.03,38,Nov,11,Spring,27.8,18.1,6,0.5,0.1,97,9.8,6.5,2.6,0.9,8.4,23.5,7.4,10.7,60,55,4.6,4.1,https://www.bom.gov.au/climate/averages/tables/cw_040214_All.shtml,http://www.bom.gov.au/clim_data/cdio/tables/text/IDCJCM0036_040214.csv,2026-05-17T05:12:49+00:00,85.6,100,90.35,80.48,100,86.84,89.9,57.5,18-26,10-19,0,1,0
Brisbane,QLD,BRISBANE REGIONAL OFFICE,040214,-27.47,153.03,38,Dec,12,Summer,29.1,19.8,10.9,1,0,133.3,11.4,7.7,3.3,1.2,8.1,24.1,6.1,12.1,62,57,4.9,4.4,https://www.bom.gov.au/climate/averages/tables/cw_040214_All.shtml,http://www.bom.gov.au/clim_data/cdio/tables/text/IDCJCM0036_040214.csv,2026-05-17T05:12:49+00:00,75.2,93.6,83.33,75.53,100,90,84.1,59.5,18-26,10-19,0,0,0
Perth,WA,PERTH METRO,009225,-31.92,115.87,25,Jan,1,Summer,31.4,18.2,18.3,7.7,1.4,15.9,2.7,1.6,0.3,0.1,,29.1,,,51,39,,,https://www.bom.gov.au/climate/averages/tables/cw_009225_All.shtml,http://www.bom.gov.au/clim_data/cdio/tables/text/IDCJCM0039_009225.csv,2026-05-17T05:12:49+00:00,56.8,100,48.56,96.56,100,100,79.22,45,18-26,10-19,0,1,0
Perth,WA,PERTH METRO,009225,-31.92,115.87,25,Feb,2,Summer,31.7,18.4,17.5,7.1,1.1,12.7,2.3,1.2,0.4,0.1,,25.8,,,53,38,,,https://www.bom.gov.au/climate/averages/tables/cw_009225_All.shtml,http://www.bom.gov.au/clim_data/cdio/tables/text/IDCJCM0039_009225.csv,2026-05-17T05:12:49+00:00,54.4,100,52.9,96.92,100,98.95,79.38,45.5,18-26,10-19,0,1,0
Perth,WA,PERTH METRO,009225,-31.92,115.87,25,Mar,3,Autumn,29.7,16.9,13.8,3.9,0.5,20,4.5,2.6,0.6,0.2,,20.6,,,57,40,,,https://www.bom.gov.au/climate/averages/tables/cw_009225_All.shtml,http://www.bom.gov.au/clim_data/cdio/tables/text/IDCJCM0039_009225.csv,2026-05-17T05:12:49+00:00,70.4,100,69.31,94.14,100,71.58,83.37,48.5,18-26,10-19,0,1,0
Perth,WA,PERTH METRO,009225,-31.92,115.87,25,Apr,4,Autumn,26,13.8,4.7,0.4,0,35.1,6.7,4.6,1,0.3,,15.2,,,64,46,,,https://www.bom.gov.au/climate/averages/tables/cw_009225_All.shtml,http://www.bom.gov.au/clim_data/cdio/tables/text/IDCJCM0039_009225.csv,2026-05-17T05:12:49+00:00,100,100,92.89,89.97,100,43.16,91.72,55,18-26,10-19,1,1,1
Perth,WA,PERTH METRO,009225,-31.92,115.87,25,May,5,Autumn,22.5,10.6,0.4,0,0,85.5,11,8.6,3,0.9,,11.4,,,72,50,,,https://www.bom.gov.au/climate/averages/tables/cw_009225_All.shtml,http://www.bom.gov.au/clim_data/cdio/tables/text/IDCJCM0039_009225.csv,2026-05-17T05:12:49+00:00,100,100,99.48,77.06,100,23.16,88.75,61,18-26,10-19,1,1,1
Perth,WA,PERTH METRO,009225,-31.92,115.87,25,Jun,6,Winter,19.5,8.7,0,0,0,127.1,14.7,11.6,4.4,1.1,,9.5,,,78,56,,,https://www.bom.gov.au/climate/averages/tables/cw_009225_All.shtml,http://www.bom.gov.au/clim_data/cdio/tables/text/IDCJCM0039_009225.csv,2026-05-17T05:12:49+00:00,100,89.6,100,68.41,89,13.16,83.23,67,18-26,10-19,1,0,0
Perth,WA,PERTH METRO,009225,-31.92,115.87,25,Jul,7,Winter,18.5,8.1,0,0,0,147,17.8,14.7,5.5,1.1,,10.1,,,80,57,,,https://www.bom.gov.au/climate/averages/tables/cw_009225_All.shtml,http://www.bom.gov.au/clim_data/cdio/tables/text/IDCJCM0039_009225.csv,2026-05-17T05:12:49+00:00,100,84.8,100,61.45,85.7,16.32,80.97,68.5,18-26,10-19,1,0,0
Perth,WA,PERTH METRO,009225,-31.92,115.87,25,Aug,8,Winter,19.2,8.5,0,0,0,125.2,16.1,13.1,4.6,0.9,,13.1,,,75,54,,,https://www.bom.gov.au/climate/averages/tables/cw_009225_All.shtml,http://www.bom.gov.au/clim_data/cdio/tables/text/IDCJCM0039_009225.csv,2026-05-17T05:12:49+00:00,100,88,100,66.74,94.5,32.11,84.83,64.5,18-26,10-19,1,0,0
Perth,WA,PERTH METRO,009225,-31.92,115.87,25,Sep,9,Spring,20.7,9.7,0.4,0,0,79.9,14.3,10.7,2.8,0.4,,17.2,,,67,53,,,https://www.bom.gov.au/climate/averages/tables/cw_009225_All.shtml,http://www.bom.gov.au/clim_data/cdio/tables/text/IDCJCM0039_009225.csv,2026-05-17T05:12:49+00:00,100,97.6,99.48,76.65,100,53.68,90.96,60,18-26,10-19,1,0,0
Perth,WA,PERTH METRO,009225,-31.92,115.87,25,Oct,10,Spring,23.5,11.7,2.6,0.3,0,40,9.1,5.8,1.2,0.2,,22.7,,,58,47,,,https://www.bom.gov.au/climate/averages/tables/cw_009225_All.shtml,http://www.bom.gov.au/clim_data/cdio/tables/text/IDCJCM0039_009225.csv,2026-05-17T05:12:49+00:00,100,100,95.87,88.2,100,82.63,95.52,52.5,18-26,10-19,1,1,1
Perth,WA,PERTH METRO,009225,-31.92,115.87,25,Nov,11,Spring,26.8,14.4,7.7,2,0.1,24,5.6,3.8,0.8,0.1,,26.8,,,52,44,,,https://www.bom.gov.au/climate/averages/tables/cw_009225_All.shtml,http://www.bom.gov.au/clim_data/cdio/tables/text/IDCJCM0039_009225.csv,2026-05-17T05:12:49+00:00,93.6,100,84.39,92.39,100,100,94.18,48,18-26,10-19,0,1,0
Perth,WA,PERTH METRO,009225,-31.92,115.87,25,Dec,12,Summer,29.6,16.6,13.2,5.4,1.1,9.6,3.2,1.8,0.2,0.1,,29.9,,,50,41,,,https://www.bom.gov.au/climate/averages/tables/cw_009225_All.shtml,http://www.bom.gov.au/clim_data/cdio/tables/text/IDCJCM0039_009225.csv,2026-05-17T05:12:49+00:00,71.2,100,62.74,96.66,100,100,85.42,45.5,18-26,10-19,0,1,0
Adelaide,SA,ADELAIDE (WEST TERRACE / NGAYIRDAPIRA),023000,-34.93,138.58,29,Jan,1,Summer,28.7,16.6,11.9,5.5,1.1,20.1,4.4,2.8,0.5,0.1,10.2,27.2,12.3,7.3,50,39,3.8,3.1,https://www.bom.gov.au/climate/averages/tables/cw_023000_All.shtml,http://www.bom.gov.au/clim_data/cdio/tables/text/IDCJCM0034_023000.csv,2026-05-17T05:12:49+00:00,78.4,100,64.18,94.46,100,100,87.08,44.5,18-26,10-19,0,1,0
Adelaide,SA,ADELAIDE (WEST TERRACE / NGAYIRDAPIRA),023000,-34.93,138.58,29,Feb,2,Summer,28.6,16.8,10.7,4.3,0.6,20.2,3.8,2.5,0.5,0.2,9.6,24.1,11,6.7,52,40,3.5,3.2,https://www.bom.gov.au/climate/averages/tables/cw_023000_All.shtml,http://www.bom.gov.au/clim_data/cdio/tables/text/IDCJCM0034_023000.csv,2026-05-17T05:12:49+00:00,79.2,100,71.74,94.5,100,90,87.75,46,18-26,10-19,0,1,0
Adelaide,SA,ADELAIDE (WEST TERRACE / NGAYIRDAPIRA),023000,-34.93,138.58,29,Mar,3,Autumn,26.1,15.2,7.2,1.6,0.2,23.4,5.4,3.5,0.6,0.1,8.2,19,10.5,9.5,55,44,4.2,3.6,https://www.bom.gov.au/climate/averages/tables/cw_023000_All.shtml,http://www.bom.gov.au/clim_data/cdio/tables/text/IDCJCM0034_023000.csv,2026-05-17T05:12:49+00:00,99.2,100,85.44,93.25,100,63.16,92.58,49.5,18-26,10-19,0,1,0
Adelaide,SA,ADELAIDE (WEST TERRACE / NGAYIRDAPIRA),023000,-34.93,138.58,29,Apr,4,Autumn,22.2,12.8,2.1,0,0,43.4,9.3,6.5,1.3,0.2,6.3,13.4,6.7,13.4,61,50,4.8,4.8,https://www.bom.gov.au/climate/averages/tables/cw_023000_All.shtml,http://www.bom.gov.au/clim_data/cdio/tables/text/IDCJCM0034_023000.csv,2026-05-17T05:12:49+00:00,100,100,97.27,86.99,100,33.68,91.11,55.5,18-26,10-19,1,1,1
Adelaide,SA,ADELAIDE (WEST TERRACE / NGAYIRDAPIRA),023000,-34.93,138.58,29,May,5,Autumn,18.6,10.4,0.1,0,0,67.2,13.2,10.2,2,0.3,4.9,9.4,4.6,16.4,70,58,5.3,5.2,https://www.bom.gov.au/climate/averages/tables/cw_023000_All.shtml,http://www.bom.gov.au/clim_data/cdio/tables/text/IDCJCM0034_023000.csv,2026-05-17T05:12:49+00:00,100,100,99.87,79.75,95.6,12.63,87.95,64,18-26,10-19,1,1,1
Adelaide,SA,ADELAIDE (WEST TERRACE / NGAYIRDAPIRA),023000,-34.93,138.58,29,Jun,6,Winter,15.8,8.5,0,0,0,72.1,14.7,11.1,2,0.2,4.5,7.6,4.2,15.1,74,61,5.2,5.3,https://www.bom.gov.au/climate/averages/tables/cw_023000_All.shtml,http://www.bom.gov.au/clim_data/cdio/tables/text/IDCJCM0034_023000.csv,2026-05-17T05:12:49+00:00,82.4,88,100,78.83,87.9,3.16,79.39,67.5,18-26,10-19,0,0,0
Adelaide,SA,ADELAIDE (WEST TERRACE / NGAYIRDAPIRA),023000,-34.93,138.58,29,Jul,7,Winter,15,7.6,0,0,0,65.8,16.2,11.9,1.6,0.1,4.2,8.4,3.2,17.5,76,63,5.6,5.4,https://www.bom.gov.au/climate/averages/tables/cw_023000_All.shtml,http://www.bom.gov.au/clim_data/cdio/tables/text/IDCJCM0034_023000.csv,2026-05-17T05:12:49+00:00,76,80.8,100,79.18,83.5,7.37,76.37,69.5,18-26,10-19,0,0,0
Adelaide,SA,ADELAIDE (WEST TERRACE / NGAYIRDAPIRA),023000,-34.93,138.58,29,Aug,8,Winter,16.1,8.1,0,0,0,61.1,15.8,11.6,1.4,0.1,5.3,11.4,3.5,15.4,72,60,5.1,5.2,https://www.bom.gov.au/climate/averages/tables/cw_023000_All.shtml,http://www.bom.gov.au/clim_data/cdio/tables/text/IDCJCM0034_023000.csv,2026-05-17T05:12:49+00:00,84.8,84.8,100,80.13,91.2,23.16,81.69,66,18-26,10-19,0,0,0
Adelaide,SA,ADELAIDE (WEST TERRACE / NGAYIRDAPIRA),023000,-34.93,138.58,29,Sep,9,Spring,18.5,9.3,0.2,0,0,50.3,13.2,9.3,1.2,0.1,6.2,15.5,5.2,13.6,64,54,4.9,4.9,https://www.bom.gov.au/climate/averages/tables/cw_023000_All.shtml,http://www.bom.gov.au/clim_data/cdio/tables/text/IDCJCM0034_023000.csv,2026-05-17T05:12:49+00:00,100,94.4,99.74,83.79,100,44.74,90.84,59,18-26,10-19,1,0,0
Adelaide,SA,ADELAIDE (WEST TERRACE / NGAYIRDAPIRA),023000,-34.93,138.58,29,Oct,10,Spring,21.4,11.2,2.3,0.2,0,43.9,10.8,7.7,1.1,0.1,7.4,20.4,6,14.2,57,48,5,4.6,https://www.bom.gov.au/climate/averages/tables/cw_023000_All.shtml,http://www.bom.gov.au/clim_data/cdio/tables/text/IDCJCM0034_023000.csv,2026-05-17T05:12:49+00:00,100,100,96.51,86.23,100,70.53,94.18,52.5,18-26,10-19,1,1,1
Adelaide,SA,ADELAIDE (WEST TERRACE / NGAYIRDAPIRA),023000,-34.93,138.58,29,Nov,11,Spring,24.4,13.2,6,1.5,0.1,31.3,7.9,5.3,0.7,0.1,8.6,24.3,6,11.7,53,44,4.8,4.4,https://www.bom.gov.au/climate/averages/tables/cw_023000_All.shtml,http://www.bom.gov.au/clim_data/cdio/tables/text/IDCJCM0034_023000.csv,2026-05-17T05:12:49+00:00,100,100,87.85,90.52,100,91.05,95.25,48.5,18-26,10-19,1,1,1
Adelaide,SA,ADELAIDE (WEST TERRACE / NGAYIRDAPIRA),023000,-34.93,138.58,29,Dec,12,Summer,26.9,15.1,9.1,3.8,0.6,25.9,6.1,4,0.7,0.1,9.1,26.7,8.2,10.6,52,43,4.7,3.9,https://www.bom.gov.au/climate/averages/tables/cw_023000_All.shtml,http://www.bom.gov.au/clim_data/cdio/tables/text/IDCJCM0034_023000.csv,2026-05-17T05:12:49+00:00,92.8,100,75.07,92.32,100,100,92.27,47.5,18-26,10-19,0,1,0
Hobart,TAS,HOBART (ELLERSLIE ROAD),094029,-42.89,147.33,51,Jan,1,Summer,21.8,12.1,1.9,0.4,0,46.3,10.6,5.6,1.1,0.3,8,22.6,4.2,13.6,60,54,5.2,5,https://www.bom.gov.au/climate/averages/tables/cw_094029_All.shtml,http://www.bom.gov.au/clim_data/cdio/tables/text/IDCJCM0033_094029.csv,2026-05-17T05:12:49+00:00,100,100,96.53,88.21,100,82.11,95.6,57,18-26,10-19,1,1,1
Hobart,TAS,HOBART (ELLERSLIE ROAD),094029,-42.89,147.33,51,Feb,2,Summer,21.8,12.1,1.6,0.4,0,38.8,9.4,4.9,1.1,0.2,7.3,18.7,4.3,12,64,55,5.1,4.9,https://www.bom.gov.au/climate/averages/tables/cw_094029_All.shtml,http://www.bom.gov.au/clim_data/cdio/tables/text/IDCJCM0033_094029.csv,2026-05-17T05:12:49+00:00,100,100,96.92,89.62,100,61.58,94.06,59.5,18-26,10-19,1,1,1
Hobart,TAS,HOBART (ELLERSLIE ROAD),094029,-42.89,147.33,51,Mar,3,Autumn,20.3,11,0.8,0.1,0,44.1,11.3,6.1,1,0.2,6.4,13.1,4.2,13.3,67,56,5.1,5,https://www.bom.gov.au/climate/averages/tables/cw_094029_All.shtml,http://www.bom.gov.au/clim_data/cdio/tables/text/IDCJCM0033_094029.csv,2026-05-17T05:12:49+00:00,100,100,98.71,88.19,100,32.11,91.45,61.5,18-26,10-19,1,1,1
Hobart,TAS,HOBART (ELLERSLIE ROAD),094029,-42.89,147.33,51,Apr,4,Autumn,17.4,9,0,0,0,49.4,12.2,6.8,1.3,0.2,5.3,9.1,3.6,14.5,71,59,5.2,5.4,https://www.bom.gov.au/climate/averages/tables/cw_094029_All.shtml,http://www.bom.gov.au/clim_data/cdio/tables/text/IDCJCM0033_094029.csv,2026-05-17T05:12:49+00:00,95.2,92,100,86.48,93.4,11.05,86.02,65,18-26,10-19,0,0,0
Hobart,TAS,HOBART (ELLERSLIE ROAD),094029,-42.89,147.33,51,May,5,Autumn,14.6,7,0,0,0,47.4,13.6,7,1.1,0.2,4.2,6.1,3.4,15.4,76,63,5.2,5.4,https://www.bom.gov.au/climate/averages/tables/cw_094029_All.shtml,http://www.bom.gov.au/clim_data/cdio/tables/text/IDCJCM0033_094029.csv,2026-05-17T05:12:49+00:00,72.8,76,100,86.72,83.5,0,75.29,69.5,18-26,10-19,0,0,0
Hobart,TAS,HOBART (ELLERSLIE ROAD),094029,-42.89,147.33,51,Jun,6,Winter,12.1,5.2,0,0,0,53.6,14.3,7.2,1.3,0.2,3.9,4.9,3.6,14.2,79,67,5.1,5.4,https://www.bom.gov.au/climate/averages/tables/cw_094029_All.shtml,http://www.bom.gov.au/clim_data/cdio/tables/text/IDCJCM0033_094029.csv,2026-05-17T05:12:49+00:00,52.8,61.6,100,85.88,75.8,0,66.49,73,18-26,10-19,0,0,0
Hobart,TAS,HOBART (ELLERSLIE ROAD),094029,-42.89,147.33,51,Jul,7,Winter,11.8,4.6,0,0,0,51.9,15.3,7.8,1.3,0.2,4.4,5.7,3.4,14.1,78,65,5.1,5.4,https://www.bom.gov.au/climate/averages/tables/cw_094029_All.shtml,http://www.bom.gov.au/clim_data/cdio/tables/text/IDCJCM0033_094029.csv,2026-05-17T05:12:49+00:00,50.4,56.8,100,85.13,79.1,0,65.07,71.5,18-26,10-19,0,0,0
Hobart,TAS,HOBART (ELLERSLIE ROAD),094029,-42.89,147.33,51,Aug,8,Winter,13.2,5.3,0,0,0,54,15.6,8.4,1.3,0.2,5,8.3,3.4,14.4,73,60,5,5.5,https://www.bom.gov.au/climate/averages/tables/cw_094029_All.shtml,http://www.bom.gov.au/clim_data/cdio/tables/text/IDCJCM0033_094029.csv,2026-05-17T05:12:49+00:00,61.6,62.4,100,84.31,90.1,6.84,70.49,66.5,18-26,10-19,0,0,0
Hobart,TAS,HOBART (ELLERSLIE ROAD),094029,-42.89,147.33,51,Sep,9,Spring,15.2,6.5,0,0,0,53,15.3,8.6,1.1,0.1,5.9,12.3,2.7,14.4,66,56,5.1,5.5,https://www.bom.gov.au/climate/averages/tables/cw_094029_All.shtml,http://www.bom.gov.au/clim_data/cdio/tables/text/IDCJCM0033_094029.csv,2026-05-17T05:12:49+00:00,77.6,72,100,84.88,100,27.89,79.37,61,18-26,10-19,0,0,0
Hobart,TAS,HOBART (ELLERSLIE ROAD),094029,-42.89,147.33,51,Oct,10,Spring,17,7.8,0.1,0,0,62,16.2,9.4,1.5,0.2,6.5,16.7,2.6,15.2,63,56,5.4,5.5,https://www.bom.gov.au/climate/averages/tables/cw_094029_All.shtml,http://www.bom.gov.au/clim_data/cdio/tables/text/IDCJCM0033_094029.csv,2026-05-17T05:12:49+00:00,92,82.4,99.87,82.39,100,51.05,86.72,59.5,18-26,10-19,0,0,0
Hobart,TAS,HOBART (ELLERSLIE ROAD),094029,-42.89,147.33,51,Nov,11,Spring,18.8,9.4,0.7,0.1,0,54,14,7.8,1.2,0.2,6.9,19.8,2.5,15.4,60,56,5.5,5.5,https://www.bom.gov.au/climate/averages/tables/cw_094029_All.shtml,http://www.bom.gov.au/clim_data/cdio/tables/text/IDCJCM0033_094029.csv,2026-05-17T05:12:49+00:00,100,95.2,98.84,85.32,100,67.37,93.17,58,18-26,10-19,1,0,0
Hobart,TAS,HOBART (ELLERSLIE ROAD),094029,-42.89,147.33,51,Dec,12,Summer,20.4,10.9,1.2,0.2,0,56.6,12.7,7.2,1.3,0.4,7.4,22.8,2.9,15.3,60,56,5.5,5.3,https://www.bom.gov.au/climate/averages/tables/cw_094029_All.shtml,http://www.bom.gov.au/clim_data/cdio/tables/text/IDCJCM0033_094029.csv,2026-05-17T05:12:49+00:00,100,100,97.94,85.12,100,83.16,95.39,58,18-26,10-19,1,1,1
Darwin,NT,DARWIN AIRPORT,014015,-12.42,130.89,30,Jan,1,Summer,31.8,24.9,26.4,0.3,0,432.1,21.4,19,11.2,6,5.7,18.9,0.6,24.2,81,70,6.5,6.5,https://www.bom.gov.au/climate/averages/tables/cw_014015_All.shtml,http://www.bom.gov.au/clim_data/cdio/tables/text/IDCJCM0038_014015.csv,2026-05-17T05:12:49+00:00,53.6,52.8,64.93,19.9,70.3,62.63,51.71,75.5,18-26,10-19,0,0,0
Darwin,NT,DARWIN AIRPORT,014015,-12.42,130.89,30,Feb,2,Summer,31.5,24.8,23.1,0.1,0,372.2,20.2,17.8,10,4.8,5.9,19.5,0.7,21.6,83,72,6.5,6.5,https://www.bom.gov.au/climate/averages/tables/cw_014015_All.shtml,http://www.bom.gov.au/clim_data/cdio/tables/text/IDCJCM0038_014015.csv,2026-05-17T05:12:49+00:00,56,53.6,69.72,29.62,65.9,65.79,55,77.5,18-26,10-19,0,0,0
Darwin,NT,DARWIN AIRPORT,014015,-12.42,130.89,30,Mar,3,Autumn,32,24.6,27.6,0.4,0,310.7,19.4,16.6,8.6,3.9,6.8,21.2,1.9,19.6,82,67,5.7,6,https://www.bom.gov.au/climate/averages/tables/cw_014015_All.shtml,http://www.bom.gov.au/clim_data/cdio/tables/text/IDCJCM0038_014015.csv,2026-05-17T05:12:49+00:00,52,55.2,63.12,38.78,72.5,74.74,56.2,74.5,18-26,10-19,0,0,0
Darwin,NT,DARWIN AIRPORT,014015,-12.42,130.89,30,Apr,4,Autumn,32.8,24.1,28.6,1.3,0,102.4,9.4,7.3,2.8,1.2,8.8,21.9,6.2,11.5,74,52,4.4,4.8,https://www.bom.gov.au/climate/averages/tables/cw_014015_All.shtml,http://www.bom.gov.au/clim_data/cdio/tables/text/IDCJCM0038_014015.csv,2026-05-17T05:12:49+00:00,45.6,59.2,59.57,77.82,97.8,78.42,64.51,63,18-26,10-19,0,0,0
Darwin,NT,DARWIN AIRPORT,014015,-12.42,130.89,30,May,5,Autumn,32.1,22.2,28.4,0.3,0,20.2,2.2,1.6,0.6,0.2,9.6,20.7,12.1,6.5,65,43,3.3,3.6,https://www.bom.gov.au/climate/averages/tables/cw_014015_All.shtml,http://www.bom.gov.au/clim_data/cdio/tables/text/IDCJCM0038_014015.csv,2026-05-17T05:12:49+00:00,51.2,74.4,62.33,95.44,100,72.11,72.35,54,18-26,10-19,0,0,0
Darwin,NT,DARWIN AIRPORT,014015,-12.42,130.89,30,Jun,6,Winter,30.8,20,21.4,0,0,1.7,0.6,0.3,0,0,9.9,19.8,16.3,3.8,60,38,2.7,2.8,https://www.bom.gov.au/climate/averages/tables/cw_014015_All.shtml,http://www.bom.gov.au/clim_data/cdio/tables/text/IDCJCM0038_014015.csv,2026-05-17T05:12:49+00:00,61.6,92,72.18,99.58,100,67.37,80.66,49,18-26,10-19,0,0,0
Darwin,NT,DARWIN AIRPORT,014015,-12.42,130.89,30,Jul,7,Winter,30.7,19.3,21.5,0,0,1.1,0.4,0.2,0,0,10.2,20.6,17.6,3.4,60,37,2.5,2.4,https://www.bom.gov.au/climate/averages/tables/cw_014015_All.shtml,http://www.bom.gov.au/clim_data/cdio/tables/text/IDCJCM0038_014015.csv,2026-05-17T05:12:49+00:00,62.4,97.6,72.05,99.72,100,71.58,82.39,48.5,18-26,10-19,0,0,0
Darwin,NT,DARWIN AIRPORT,014015,-12.42,130.89,30,Aug,8,Winter,31.5,20.3,26.3,0.4,0,4.5,0.6,0.3,0.1,0.1,10.4,22.7,19,2.6,64,40,2.3,2.2,https://www.bom.gov.au/climate/averages/tables/cw_014015_All.shtml,http://www.bom.gov.au/clim_data/cdio/tables/text/IDCJCM0038_014015.csv,2026-05-17T05:12:49+00:00,56,89.6,64.81,98.94,100,82.63,78.7,52,18-26,10-19,0,0,0
Darwin,NT,DARWIN AIRPORT,014015,-12.42,130.89,30,Sep,9,Spring,32.7,23,29.1,2.6,0,16.8,2.4,1.6,0.5,0.1,9.9,23.9,15.1,3.4,68,47,2.9,2.6,https://www.bom.gov.au/climate/averages/tables/cw_014015_All.shtml,http://www.bom.gov.au/clim_data/cdio/tables/text/IDCJCM0038_014015.csv,2026-05-17T05:12:49+00:00,46.4,68,55.67,96.08,100,88.95,70.28,57.5,18-26,10-19,0,0,0
Darwin,NT,DARWIN AIRPORT,014015,-12.42,130.89,30,Oct,10,Spring,33.4,25,30.4,3.5,0,69.7,6.9,5.1,2,0.9,9.5,24.4,9.2,5.5,69,52,3.9,3.3,https://www.bom.gov.au/climate/averages/tables/cw_014015_All.shtml,http://www.bom.gov.au/clim_data/cdio/tables/text/IDCJCM0038_014015.csv,2026-05-17T05:12:49+00:00,40.8,52,51.73,84.23,100,91.58,62.97,60.5,18-26,10-19,0,0,0
Darwin,NT,DARWIN AIRPORT,014015,-12.42,130.89,30,Nov,11,Spring,33.4,25.4,29.3,3.1,0,146.5,12.5,10.1,4.5,1.8,8.4,23,3.6,11.5,72,58,5,4.7,https://www.bom.gov.au/climate/averages/tables/cw_014015_All.shtml,http://www.bom.gov.au/clim_data/cdio/tables/text/IDCJCM0038_014015.csv,2026-05-17T05:12:49+00:00,40.8,48.8,54.16,67.29,93.4,84.21,58.41,65,18-26,10-19,0,0,0
Darwin,NT,DARWIN AIRPORT,014015,-12.42,130.89,30,Dec,12,Summer,32.8,25.4,28.8,1.9,0,255.5,16.9,14.2,6.9,3.3,6.9,20.5,0.9,20.4,76,65,6,5.9,https://www.bom.gov.au/climate/averages/tables/cw_014015_All.shtml,http://www.bom.gov.au/clim_data/cdio/tables/text/IDCJCM0038_014015.csv,2026-05-17T05:12:49+00:00,45.6,48.8,57.81,49.01,81.3,71.05,54.65,70.5,18-26,10-19,0,0,0
Canberra,ACT,CANBERRA AIRPORT COMPARISON,070014,-35.3,149.2,578,Jan,1,Summer,28,13.2,11.1,2.8,0.1,58.5,7.3,5.6,1.8,0.5,9.5,25,9.3,9.8,63,37,4,4,https://www.bom.gov.au/climate/averages/tables/cw_070014_All.shtml,http://www.bom.gov.au/clim_data/cdio/tables/text/IDCJCM0037_070014.csv,2026-05-17T05:12:49+00:00,84,100,77.97,85.66,100,94.74,88.91,50,18-26,10-19,0,1,0
Canberra,ACT,CANBERRA AIRPORT COMPARISON,070014,-35.3,149.2,578,Feb,2,Summer,27.1,13.1,7.8,1.2,0,56.4,6.7,5.1,1.7,0.6,9,22,7.5,10,68,40,4.4,4.3,https://www.bom.gov.au/climate/averages/tables/cw_070014_All.shtml,http://www.bom.gov.au/clim_data/cdio/tables/text/IDCJCM0037_070014.csv,2026-05-17T05:12:49+00:00,91.2,100,86.86,86.23,100,78.95,90.99,54,18-26,10-19,0,1,0
Canberra,ACT,CANBERRA AIRPORT COMPARISON,070014,-35.3,149.2,578,Mar,3,Autumn,24.5,10.7,3,0.2,0,50.7,6.9,4.8,1.6,0.4,8.1,18.1,8.7,9.9,71,42,4.2,4.1,https://www.bom.gov.au/climate/averages/tables/cw_070014_All.shtml,http://www.bom.gov.au/clim_data/cdio/tables/text/IDCJCM0037_070014.csv,2026-05-17T05:12:49+00:00,100,100,95.6,87.67,100,58.42,93.18,56.5,18-26,10-19,1,1,1
Canberra,ACT,CANBERRA AIRPORT COMPARISON,070014,-35.3,149.2,578,Apr,4,Autumn,20,6.7,0.1,0,0,46,7.3,4.8,1.3,0.4,7.3,13.6,8.4,9.5,75,46,4.2,4.1,https://www.bom.gov.au/climate/averages/tables/cw_070014_All.shtml,http://www.bom.gov.au/clim_data/cdio/tables/text/IDCJCM0037_070014.csv,2026-05-17T05:12:49+00:00,100,73.6,99.87,88.45,100,34.74,86.54,60.5,18-26,10-19,1,0,0
Canberra,ACT,CANBERRA AIRPORT COMPARISON,070014,-35.3,149.2,578,May,5,Autumn,15.6,3.2,0,0,0,44.4,8.4,5.1,1.4,0.3,6,10.2,8.1,11.7,82,54,4.4,4.3,https://www.bom.gov.au/climate/averages/tables/cw_070014_All.shtml,http://www.bom.gov.au/clim_data/cdio/tables/text/IDCJCM0037_070014.csv,2026-05-17T05:12:49+00:00,80.8,45.6,100,88.21,86.8,16.84,73.17,68,18-26,10-19,0,0,0
Canberra,ACT,CANBERRA AIRPORT COMPARISON,070014,-35.3,149.2,578,Jun,6,Winter,12.3,1,0,0,0,40.5,9.8,5.7,1,0.3,5.2,8,7.5,12.2,85,60,4.6,4.5,https://www.bom.gov.au/climate/averages/tables/cw_070014_All.shtml,http://www.bom.gov.au/clim_data/cdio/tables/text/IDCJCM0037_070014.csv,2026-05-17T05:12:49+00:00,54.4,28,100,88.43,76.9,5.26,61.06,72.5,18-26,10-19,0,0,0
Canberra,ACT,CANBERRA AIRPORT COMPARISON,070014,-35.3,149.2,578,Jul,7,Winter,11.4,-0.1,0,0,0,41.4,10.5,5.8,1.2,0.2,5.8,9.1,8.5,11,85,58,4.4,4.2,https://www.bom.gov.au/climate/averages/tables/cw_070014_All.shtml,http://www.bom.gov.au/clim_data/cdio/tables/text/IDCJCM0037_070014.csv,2026-05-17T05:12:49+00:00,47.2,19.2,100,88.17,79.1,11.05,58.14,71.5,18-26,10-19,0,0,0
Canberra,ACT,CANBERRA AIRPORT COMPARISON,070014,-35.3,149.2,578,Aug,8,Winter,13,1,0,0,0,46.2,11.1,7,1.3,0.2,7,12.3,8.9,10,78,52,4,4.2,https://www.bom.gov.au/climate/averages/tables/cw_070014_All.shtml,http://www.bom.gov.au/clim_data/cdio/tables/text/IDCJCM0037_070014.csv,2026-05-17T05:12:49+00:00,60,28,100,86.29,93.4,27.89,65.62,65,18-26,10-19,0,0,0
Canberra,ACT,CANBERRA AIRPORT COMPARISON,070014,-35.3,149.2,578,Sep,9,Spring,16.2,3.3,0,0,0,52,10.2,7,1.7,0.3,7.7,16.5,9.4,9.7,71,49,3.9,4.1,https://www.bom.gov.au/climate/averages/tables/cw_070014_All.shtml,http://www.bom.gov.au/clim_data/cdio/tables/text/IDCJCM0037_070014.csv,2026-05-17T05:12:49+00:00,85.6,46.4,100,84.9,100,50,78.15,60,18-26,10-19,0,0,0
Canberra,ACT,CANBERRA AIRPORT COMPARISON,070014,-35.3,149.2,578,Oct,10,Spring,19.4,6.1,0.3,0,0,62.4,10.4,7.8,1.9,0.4,8.6,20.7,8.3,10.6,65,47,4.1,4.5,https://www.bom.gov.au/climate/averages/tables/cw_070014_All.shtml,http://www.bom.gov.au/clim_data/cdio/tables/text/IDCJCM0037_070014.csv,2026-05-17T05:12:49+00:00,100,68.8,99.61,82.84,100,72.11,87.89,56,18-26,10-19,1,0,0
Canberra,ACT,CANBERRA AIRPORT COMPARISON,070014,-35.3,149.2,578,Nov,11,Spring,22.7,8.8,2.5,0.3,0,64.4,9.8,7.5,2,0.5,8.9,23.6,7.1,11,63,41,4.4,4.6,https://www.bom.gov.au/climate/averages/tables/cw_070014_All.shtml,http://www.bom.gov.au/clim_data/cdio/tables/text/IDCJCM0037_070014.csv,2026-05-17T05:12:49+00:00,100,90.4,96,82.61,100,87.37,93,52,18-26,10-19,1,0,0
Canberra,ACT,CANBERRA AIRPORT COMPARISON,070014,-35.3,149.2,578,Dec,12,Summer,26.2,11.4,6.9,0.9,0,53.2,7.7,5.8,1.7,0.4,9.4,25.8,8.7,9.9,60,37,4.1,4.2,https://www.bom.gov.au/climate/averages/tables/cw_070014_All.shtml,http://www.bom.gov.au/clim_data/cdio/tables/text/IDCJCM0037_070014.csv,2026-05-17T05:12:49+00:00,98.4,100,88.78,86.09,100,98.95,94.93,48.5,18-26,10-19,0,1,0
